player,player_id,position,player_game_count,team_name,targets,receptions,yards,routes,yprr
Marcus Mariota,9435,QB,1,TEN,1,1,41,1,41.0
Tom Brady,698,QB,1,NE,1,1,36,1,36.0
Paul Richardson Jr.,8680,WR,1,SEA,1,1,40,3,13.33
Brandon Tate,5006,WR,3,CIN,3,2,59,5,11.8
Cody Davis,8458,S,2,SL,1,1,20,2,10.0
Ryan Tannehill,7014,QB,1,MIA,1,1,9,1,9.0
Mario Alford,9671,WR,1,CIN,1,1,15,2,7.5
Aaron Ripkowski,9639,FB,4,GB,1,1,18,4,4.5
Marcus Easley,5631,WR,4,BUF,3,1,58,13,4.46
Tyrell Williams,10154,WR,3,SD,6,2,90,22,4.09
Tyrod Taylor,6332,QB,1,BUF,1,1,4,1,4.0
Tyson Alualu,5535,DI,4,JAX,2,2,19,5,3.8
Rashad Ross,8061,WR,12,WAS,13,8,184,52,3.54
Deonte Thompson,7513,WR,5,CHI,3,2,81,23,3.52
Lance Dunbar,7332,HB,4,DAL,22,21,215,65,3.31
Joique Bell,5797,HB,13,DET,27,22,286,87,3.29
DuJuan Harris,6595,HB,4,SF,14,9,97,30,3.23
J.J. Nelson,9592,WR,11,ARZ,24,11,299,96,3.11
Jake Fisher,9486,T,8,CIN,4,1,31,10,3.1
Julio Jones,6158,WR,16,ATL,193,136,1871,615,3.04
Steve Smith,837,WR,7,BLT,70,46,670,231,2.9
Antonio Brown,5718,WR,16,PIT,190,136,1834,632,2.9
Branden Oliver,9286,HB,6,SD,15,13,112,39,2.87
Alshon Jeffery,7048,WR,9,CHI,92,54,807,281,2.87
Brenton Bersin,7516,WR,7,CAR,10,9,119,43,2.77
Sammy Watkins,8639,WR,13,BUF,91,60,1047,390,2.68
Tyler Murphy,9912,WR,1,PIT,1,1,16,6,2.67
Phillip Supernaw,7324,TE,6,TEN,4,3,32,12,2.67
Tony Moeaki,5617,TE,8,ATL,4,3,58,22,2.64
Taiwan Jones,6277,HB,8,OAK,9,7,106,41,2.59
Daniel Fells,3309,TE,2,NYG,7,6,60,24,2.5
Scott Simonson,8954,TE,2,CAR,1,1,10,4,2.5
Travaris Cadet,7457,HB,7,NO,22,17,214,87,2.46
Jordan Reed,7866,TE,14,WAS,111,87,952,389,2.45
Zach Line,8420,FB,15,MIN,8,6,95,39,2.44
Odell Beckham Jr.,8647,WR,15,NYG,153,96,1450,598,2.42
Rex Burkhead,7971,WR,12,CIN,15,10,94,39,2.41
A.J. Green,6156,WR,16,CIN,123,86,1297,540,2.4
Matt Jones,9528,HB,13,WAS,23,19,304,128,2.38
Mike Evans,8642,WR,15,TB,146,74,1206,506,2.38
Austin Seferian-Jenkins,8673,TE,7,TB,38,21,338,144,2.35
Brandon Marshall,3064,WR,16,NYJ,167,109,1502,639,2.35
Theo Riddick,7980,HB,16,DET,93,79,702,301,2.33
Tim Hightower,4463,HB,5,NO,13,12,129,56,2.3
DeAndre Hopkins,7808,WR,16,HST,187,111,1521,662,2.3
Rob Gronkowski,5567,TE,15,NE,112,71,1165,508,2.29
Pierre Thomas,4080,HB,4,WAS,10,9,84,37,2.27
Delanie Walker,3120,TE,15,TEN,130,94,1088,482,2.26
Joseph Randle,7933,HB,6,DAL,10,10,86,38,2.26
Charles Sims,8704,HB,16,TB,65,52,557,248,2.25
Tyler Varga,9712,HB,3,IND,1,1,18,8,2.25
Jerick McKinnon,8731,HB,16,MIN,24,21,173,77,2.25
Steven Jackson,1745,HB,2,NE,1,1,20,9,2.22
Demaryius Thomas,5547,WR,16,DEN,169,105,1304,591,2.21
Larry Fitzgerald,1724,WR,16,ARZ,139,109,1215,552,2.2
Greg Olsen,3647,TE,16,CAR,114,76,1077,492,2.19
Allen Robinson II,8696,WR,16,JAX,142,80,1400,645,2.17
Jeremy Maclin,4942,WR,15,KC,120,87,1088,504,2.16
Keenan Allen,7857,WR,8,SD,86,67,725,335,2.16
DeSean Jackson,4363,WR,9,WAS,44,30,528,246,2.15
David Johnson,9519,HB,16,ARZ,52,36,457,216,2.12
Arian Foster,5398,HB,4,HST,27,22,227,107,2.12
Emmanuel Sanders,5606,WR,15,DEN,131,76,1135,538,2.11
Martavis Bryant,8753,WR,11,PIT,88,50,765,367,2.08
Rishard Matthews,7211,WR,11,MIA,59,43,662,318,2.08
Michael Floyd,7019,WR,15,ARZ,88,52,849,411,2.07
Doug Baldwin,6615,WR,16,SEA,99,78,1069,518,2.06
James White,8765,HB,11,NE,47,40,410,199,2.06
Zach Miller,5104,TE,15,CHI,42,34,439,213,2.06
Jamize Olawale,7572,FB,12,OAK,11,9,84,41,2.05
Jarvis Landry,8698,WR,16,MIA,155,110,1157,566,2.04
Devin Funchess,9474,WR,16,CAR,61,31,473,232,2.04
Julian Edelman,5156,WR,9,NE,85,61,692,342,2.02
Dion Lewis,6301,HB,7,NE,46,36,388,193,2.01
John Brown,8726,WR,15,ARZ,99,65,1003,502,2.0
Trey Burton,9185,TE,5,PHI,4,3,54,27,2.0
Jerricho Cotchery,1829,WR,14,CAR,53,39,485,248,1.96
Donald Brown,4950,HB,6,SD,11,8,88,45,1.96
Willie Snead IV,8999,WR,15,NO,95,69,984,510,1.93
Ricardo Lockette,6622,WR,8,SEA,7,4,69,36,1.92
Danny Woodhead,4914,HB,16,SD,96,80,755,396,1.91
Vincent Jackson,2278,WR,10,TB,57,33,543,285,1.91
Ted Ginn Jr.,3625,WR,15,CAR,89,44,739,393,1.88
Kenny Britt,4953,WR,16,SL,70,36,681,364,1.87
Brandon Bolden,7469,HB,12,NE,26,19,180,97,1.86
Marquise Goodwin,7859,WR,2,BUF,2,2,24,13,1.85
Brent Celek,3778,TE,16,PHI,32,27,398,215,1.85
Calvin Johnson,3618,WR,16,DET,142,88,1214,655,1.85
Nick O'Leary,9627,TE,4,BUF,3,1,37,20,1.85
Amari Cooper,9437,WR,16,OAK,123,72,1070,581,1.84
Griff Whalen,7351,WR,12,IND,25,19,205,112,1.83
Travis Kelce,7844,TE,16,KC,99,72,875,480,1.82
T.Y. Hilton,7092,WR,16,IND,125,69,1124,619,1.82
Eric Decker,5611,WR,15,NYJ,126,80,1027,567,1.81
Stefon Diggs,9579,WR,13,MIN,77,52,720,397,1.81
Brandin Cooks,8655,WR,16,NO,126,84,1138,627,1.81
B.J. Daniels,8020,WR,5,HST,2,2,18,10,1.8
Jimmy Graham,5619,TE,11,SEA,68,48,605,337,1.8
Antonio Gates,1609,TE,11,SD,75,56,630,350,1.8
Zach Ertz,7816,TE,15,PHI,106,75,853,477,1.79
Rashad Jennings,5174,HB,16,NYG,32,29,296,166,1.78
Bruce Ellington,8741,WR,13,SF,19,13,153,86,1.78
Allen Hurns,8931,WR,15,JAX,99,64,1031,578,1.78
Khiry Robinson,8514,HB,8,NO,20,17,115,65,1.77
Gary Barnidge,4455,TE,16,CLV,119,79,1043,591,1.76
Giovani Bernard,7818,HB,16,CIN,63,48,463,265,1.75
Jordan Matthews,8677,WR,16,PHI,120,85,997,574,1.74
Zurlon Tipton,9164,HB,6,IND,7,5,57,33,1.73
Javorius Allen,9558,HB,15,BLT,55,45,343,199,1.72
T.J. Graham,7071,WR,3,NO,4,4,24,14,1.71
C.J. Spiller,5534,HB,13,NO,40,34,239,140,1.71
Lorenzo Taliaferro,8773,HB,3,BLT,5,5,29,17,1.71
Jared Abbrederis,8811,WR,7,GB,14,9,111,65,1.71
Akeem Hunt,9839,HB,7,HST,9,6,39,23,1.7
Marcel Reece,4702,FB,15,OAK,36,30,269,160,1.68
DeVante Parker,9447,WR,13,MIA,44,26,494,294,1.68
Jeremy Langford,9539,HB,15,CHI,40,22,279,166,1.68
Terrance Williams,7855,WR,16,DAL,91,52,840,509,1.65
Bilal Powell,6278,HB,11,NYJ,60,47,388,235,1.65
Travis Benjamin,7100,WR,16,CLV,116,68,966,587,1.65
Shane Vereen,6208,HB,16,NYG,74,59,495,303,1.63
Michael Crabtree,4933,WR,16,OAK,143,85,922,565,1.63
Markus Wheaton,7860,WR,16,PIT,76,44,749,463,1.62
Kyle Juszczyk,7912,FB,16,BLT,49,41,321,200,1.61
Kamar Aiken,6671,WR,16,BLT,121,75,944,587,1.61
Kendall Gaskins,8390,HB,5,SF,10,8,69,43,1.6
Benny Cunningham,8283,HB,16,SL,31,26,250,156,1.6
Brice Butler,7991,WR,7,DAL,23,12,258,161,1.6
Devonta Freeman,8738,HB,15,ATL,92,73,578,361,1.6
Tyler Eifert,7802,TE,13,CIN,64,50,570,359,1.59
Benjamin Watson,1753,TE,16,NO,102,74,825,519,1.59
Juwan Thompson,8955,HB,7,DEN,8,6,51,32,1.59
Marvin Jones Jr.,7158,WR,16,CIN,93,65,816,513,1.59
Anquan Boldin,1369,WR,14,SF,107,69,789,499,1.58
Chase Coffman,5021,TE,2,SEA,10,8,71,45,1.58
Duke Johnson Jr.,9510,HB,16,CLV,70,61,534,341,1.57
Danny Amendola,4717,WR,14,NE,80,65,648,413,1.57
Eric Weems,4097,WR,3,ATL,1,1,11,7,1.57
Tyler Lockett,9502,WR,16,SEA,67,51,664,424,1.57
Virgil Green,6356,TE,16,DEN,14,12,173,111,1.56
Justin Perillo,9248,TE,9,GB,13,11,102,66,1.55
Brandon Coleman,9086,WR,16,NO,48,30,454,292,1.55
Percy Harvin,4945,WR,5,BUF,29,19,218,142,1.54
Pierre Garcon,4519,WR,16,WAS,108,72,777,505,1.54
Cameron Artis-Payne,9607,HB,5,CAR,4,4,46,30,1.53
Kendall Wright,7026,WR,10,TEN,59,36,408,266,1.53
Will Tye,10070,TE,13,NYG,57,42,464,304,1.53
Jarius Wright,7118,WR,16,MIN,45,34,442,291,1.52
Bruce Miller,6363,FB,16,SF,13,10,135,89,1.52
Phillip Dorsett,9462,WR,11,IND,36,18,225,148,1.52
James Starks,5716,HB,16,GB,50,43,392,258,1.52
Darren Sproles,2347,HB,16,PHI,73,55,388,256,1.52
Mark Ingram II,6180,HB,12,NO,57,50,405,269,1.51
Bishop Sankey,8689,HB,10,TEN,21,14,139,92,1.51
Bryan Walters,6139,WR,11,JAX,39,32,368,245,1.5
Charles Clay,6326,TE,13,BUF,75,51,528,360,1.47
Andrew Turzilli,10112,WR,2,TEN,2,2,25,17,1.47
Jeremy Ross,6476,WR,6,OAK,14,9,88,60,1.47
Brian Hartline,5031,WR,12,CLV,73,46,523,359,1.46
Vance McDonald,7836,TE,14,SF,46,30,326,226,1.44
Corey Grant,9827,HB,5,JAX,3,2,13,9,1.44
Clive Walford,9501,TE,16,OAK,49,28,329,230,1.43
Crockett Gillmore,8734,TE,10,BLT,42,31,363,253,1.43
Louis Murphy Jr.,5048,WR,6,TB,17,10,198,138,1.43
Terron Ward,9778,HB,11,ATL,12,9,73,51,1.43
Chris Thompson,7936,HB,13,WAS,43,34,245,172,1.42
Fred Jackson,3368,HB,16,SEA,41,32,257,181,1.42
Lance Kendricks,6199,TE,15,SL,36,25,245,172,1.42
Jacob Tamme,4441,TE,15,ATL,78,59,657,463,1.42
Anthony Dixon,5696,HB,7,BUF,7,6,44,31,1.42
James Jones,3694,WR,16,GB,89,50,890,631,1.41
Jeremy Butler,9080,WR,8,BLT,41,31,373,264,1.41
Charles Johnson,7998,WR,10,MIN,13,9,127,91,1.4
Jason Witten,1384,TE,16,DAL,100,77,713,511,1.4
Wes Welker,2204,WR,8,SL,20,13,102,73,1.4
James Hanna,7175,TE,13,DAL,14,9,79,57,1.39
Leonard Hankerson,6231,WR,10,BUF,44,26,327,236,1.39
Jermaine Kearse,7428,WR,16,SEA,66,49,685,493,1.39
Nate Washington,2832,WR,14,HST,88,47,658,474,1.39
Cameron Brate,9207,TE,14,TB,30,23,288,207,1.39
Dexter McCluster,5561,HB,11,TEN,38,31,260,189,1.38
Craig Stevens,4399,TE,16,TEN,13,12,121,88,1.38
Jalston Fowler,9541,FB,13,TEN,5,5,44,32,1.38
Donte Moncrief,8725,WR,16,IND,100,64,733,531,1.38
Cameron Meredith,10008,WR,9,CHI,16,11,120,87,1.38
Nick Williams,8005,WR,13,ATL,25,17,159,116,1.37
Dez Bryant,5549,WR,9,DAL,68,31,401,293,1.37
Adam Thielen,8288,WR,13,MIN,15,12,144,106,1.36
Eric Ebron,8645,TE,14,DET,65,47,537,394,1.36
Matt Forte,4358,HB,13,CHI,56,44,389,288,1.35
Cecil Shorts,6266,WR,11,HST,67,42,484,358,1.35
Ryan Mathews,5537,HB,13,PHI,27,20,146,108,1.35
Dorial Green-Beckham,9473,WR,16,TEN,63,32,549,406,1.35
De'Anthony Thomas,8759,WR,9,KC,21,17,140,104,1.35
Marques Colston,3197,WR,13,NO,65,45,520,386,1.35
DeMarco Murray,6223,HB,15,PHI,53,44,322,243,1.33
Steve Johnson,4538,WR,10,SD,61,45,497,373,1.33
Jared Cook,5012,TE,16,SL,69,39,481,362,1.33
Bennie Fowler,8914,WR,14,DEN,22,16,203,154,1.32
Jamison Crowder,9538,WR,16,WAS,74,59,604,456,1.32
Rueben Randle,7065,WR,16,NYG,87,57,797,609,1.31
Nick Boyle,9604,TE,10,BLT,21,18,153,117,1.31
Cole Beasley,7330,WR,16,DAL,71,52,536,408,1.31
MyCole Pruitt,9576,TE,16,MIN,13,10,89,68,1.31
Randall Cobb,6216,WR,16,GB,123,79,829,638,1.3
Doug Martin,7035,HB,16,TB,41,33,271,209,1.3
Torrey Smith,6210,WR,16,SF,56,33,663,509,1.3
Martellus Bennett,4375,TE,11,CHI,76,53,439,337,1.3
Todd Gurley II,9443,HB,13,SL,26,21,188,145,1.3
Roy Helu,6257,HB,8,OAK,12,9,75,58,1.29
Jonas Gray,7393,HB,7,JAX,8,7,76,59,1.29
Matt LaCosse,9840,TE,2,NYG,3,3,22,17,1.29
Lamar Miller,7097,HB,16,MIA,53,47,397,307,1.29
Luke Willson,7940,TE,14,SEA,23,16,205,160,1.28
Darrius Heyward-Bey,4930,WR,16,PIT,37,21,314,245,1.28
Quinton Patton,7910,WR,16,SF,53,30,394,310,1.27
Matt Asiata,6432,HB,16,MIN,19,17,122,97,1.26
Golden Tate,5585,WR,16,DET,121,90,813,646,1.26
Marquess Wilson,8019,WR,11,CHI,47,28,464,369,1.26
Tre Mason,8710,HB,12,SL,20,18,88,70,1.26
Jamaal Charles,4387,HB,5,KC,27,21,177,142,1.25
Robert Woods,7822,WR,14,BUF,79,47,552,442,1.25
Brandon LaFell,5602,WR,11,NE,69,37,515,411,1.25
Darren McFadden,4318,HB,16,DAL,50,40,328,263,1.25
James O'Shaughnessy,9606,TE,7,KC,9,6,87,70,1.24
Rhett Ellison,7128,TE,15,MIN,13,10,117,94,1.24
Denard Robinson,7917,HB,11,JAX,28,21,164,132,1.24
Bobby Rainey Jr.,7511,HB,8,TB,3,3,16,13,1.23
Kerwynn Williams,8013,HB,4,ARZ,2,2,16,13,1.23
T.J. Jones,8824,WR,6,DET,18,10,132,107,1.23
Kyle Rudolph,6195,TE,16,MIN,64,49,495,406,1.22
Melvin Gordon III,9448,HB,14,SD,34,33,192,157,1.22
Andre Ellington,7968,HB,10,ARZ,17,15,148,121,1.22
Josh Robinson,9638,HB,5,IND,6,6,33,27,1.22
Stedman Bailey,7873,WR,8,SL,22,12,182,149,1.22
Damien Williams,9205,HB,16,MIA,27,21,142,117,1.21
Chris Hogan,6468,WR,15,BUF,58,36,450,371,1.21
Shaun Draughn,6440,HB,9,SF,35,27,176,146,1.21
Darren Fells,8549,TE,14,ARZ,28,21,311,259,1.2
Julius Thomas,6281,TE,12,JAX,74,45,449,378,1.19
Owen Daniels,3043,TE,16,DEN,72,46,517,434,1.19
Garrett Celek,7274,TE,11,SF,26,19,186,157,1.18
Mike Tolbert,4740,FB,16,CAR,22,18,154,131,1.18
Jeff Janis,8870,WR,9,GB,9,2,79,67,1.18
Cooper Helfet,7737,TE,10,SEA,18,13,130,110,1.18
Ryan Griffin,7982,TE,9,HST,34,20,251,215,1.17
Heath Miller,2247,TE,15,PIT,77,60,535,458,1.17
Jay Ajayi,9582,HB,9,MIA,11,7,90,77,1.17
Scott Chandler,3745,TE,14,NE,41,23,259,221,1.17
Albert Wilson,8943,WR,14,KC,55,35,451,390,1.16
Richard Rodgers,8733,TE,16,GB,82,58,510,441,1.16
Eddie Lacy,7842,HB,15,GB,25,20,188,162,1.16
LeSean McCoy,4976,HB,12,BUF,45,32,292,254,1.15
Chris Givens,7096,WR,15,BLT,51,20,353,306,1.15
Chris Ivory,6007,HB,15,NYJ,34,30,217,189,1.15
Tavon Austin,7789,WR,16,SL,81,52,473,414,1.14
Rod Streater,7416,WR,1,OAK,1,1,8,7,1.14
Seth Roberts,9079,WR,16,OAK,52,32,480,422,1.14
Vernon Davis,2951,TE,15,DEN,54,38,395,346,1.14
Jonathan Grimes,7585,HB,13,HST,31,26,173,152,1.14
Clay Harbor,5648,TE,15,JAX,18,14,149,133,1.12
Marqise Lee,8674,WR,10,JAX,28,15,191,171,1.12
Ryan Grant,8777,WR,16,WAS,38,23,268,239,1.12
Dontrelle Inman,6597,WR,14,SD,60,35,486,434,1.12
Greg Salas,6264,WR,2,BUF,5,3,41,37,1.11
Justin Hunter,7815,WR,9,TEN,31,22,264,238,1.11
Daniel Brown,10144,WR,5,BLT,11,6,64,58,1.1
Chris Owusu,7276,WR,3,NYJ,13,6,80,73,1.1
Darrel Young,5438,FB,11,WAS,6,6,22,20,1.1
Coby Fleener,7038,TE,16,IND,81,54,491,450,1.09
Michael Campanaro,8852,WR,4,BLT,6,5,35,32,1.09
Tyler Kroft,9518,TE,13,CIN,12,10,127,116,1.09
Jermaine Gresham,5546,TE,15,ARZ,27,18,223,204,1.09
Tommy Bohanon,7997,FB,15,NYJ,5,4,56,52,1.08
Andre Johnson,1319,WR,16,IND,76,41,503,464,1.08
Larry Donnell,7638,TE,8,NYG,41,29,223,206,1.08
Ladarius Green,7110,TE,13,SD,56,37,429,402,1.07
Kenny Stills,7926,WR,16,MIA,59,27,440,411,1.07
Ameer Abdullah,9487,HB,16,DET,35,25,183,171,1.07
Malcom Floyd,2044,WR,15,SD,68,30,561,527,1.06
Karlos Williams,9588,HB,11,BUF,12,11,96,91,1.05
Mychal Rivera,7965,TE,16,OAK,44,32,280,267,1.05
Andrew Hawkins,6125,WR,8,CLV,40,27,276,263,1.05
Javontee Herndon,9191,WR,7,SD,32,24,195,188,1.04
Davante Adams,8688,WR,13,GB,88,50,483,466,1.04
Anthony Fasano,2998,TE,16,TEN,38,25,281,270,1.04
Josh Bellamy,7472,WR,15,CHI,33,19,224,217,1.03
Chris Matthews,6820,WR,13,BLT,24,13,151,148,1.02
Dwayne Bowe,3639,WR,7,CLV,13,5,53,52,1.02
Mike Wallace,5007,WR,16,MIN,68,39,473,463,1.02
Dan Herron,7179,HB,8,IND,10,9,47,46,1.02
Corey Brown,8986,WR,14,CAR,47,31,447,444,1.01
Greg Jennings,2997,WR,16,MIA,31,19,208,205,1.01
Ryan Hewitt,9107,TE,13,CIN,10,8,99,99,1.0
Antonio Andrews,9014,HB,14,TEN,27,21,174,174,1.0
Orleans Darkwa,9173,HB,8,NYG,3,3,31,31,1.0
Jake Stoneburner,8353,TE,10,MIA,5,5,47,47,1.0
Andre Holmes,6489,WR,16,OAK,29,14,201,201,1.0
Jaelen Strong,9503,WR,10,HST,22,14,161,163,0.99
Adrian Peterson,3623,HB,16,MIN,33,30,222,224,0.99
DeAngelo Williams,2972,HB,15,PIT,47,40,372,375,0.99
Le'Veon Bell,7829,HB,6,PIT,25,24,136,138,0.99
Dwayne Harris,6328,WR,15,NYG,53,36,396,401,0.99
Aaron Dobson,7840,WR,6,NE,18,13,141,142,0.99
Jordan Cameron,6254,TE,16,MIA,64,35,386,395,0.98
Ty Montgomery,9527,WR,6,GB,18,15,136,139,0.98
Mohamed Sanu,7084,WR,16,CIN,48,33,394,404,0.98
Josh Huff,8721,WR,15,PHI,38,27,312,319,0.98
Riley Cooper,5682,WR,16,PHI,39,21,327,332,0.98
Jaron Brown,8128,WR,15,ARZ,20,11,144,147,0.98
Derek Carrier,7406,TE,12,WAS,22,17,141,145,0.97
T.J. Yeldon,9469,HB,12,JAX,43,36,279,287,0.97
Darius Jennings,10038,WR,4,CLV,20,14,117,121,0.97
Miles Austin,3211,WR,11,PHI,31,13,224,234,0.96
Maxx Williams,9488,TE,14,BLT,45,32,268,279,0.96
Jack Doyle,8520,TE,15,IND,14,12,72,75,0.96
Harry Douglas,4398,WR,14,TEN,70,36,411,432,0.95
Quincy Enunwa,8843,WR,12,NYJ,42,22,315,336,0.94
Blake Bell,9550,TE,12,SF,22,15,186,198,0.94
Marc Mariani,5745,WR,15,CHI,31,22,300,322,0.93
Isaiah Crowell,9295,HB,16,CLV,21,19,182,196,0.93
Frank Gore,2282,HB,16,IND,52,34,267,291,0.92
Devin Street,8781,WR,15,DAL,13,7,114,124,0.92
Jonathan Krause,9017,WR,2,PHI,3,2,11,12,0.92
Troy Niklas,8687,TE,11,ARZ,4,4,33,36,0.92
Keshawn Martin,7121,WR,9,NE,36,24,269,295,0.91
Chris Gragg,8004,TE,12,BUF,19,12,150,165,0.91
Chris Conley,9509,WR,16,KC,30,17,199,222,0.9
Andre Roberts,5612,WR,9,WAS,22,11,135,150,0.9
Adam Humphries,10075,WR,13,TB,40,27,260,290,0.9
Charcandrick West,9047,HB,13,KC,31,20,214,241,0.89
Marcedes Lewis,2973,TE,16,JAX,33,16,226,254,0.89
Michael Burton,9601,FB,15,DET,6,6,39,44,0.89
Alfred Blue,8816,HB,14,HST,16,15,109,122,0.89
Jeremy Kerley,6305,WR,15,NYJ,26,16,152,171,0.89
Brandon Myers,5126,TE,11,TB,16,12,127,145,0.88
Justin Hardy,9540,WR,9,ATL,34,21,194,221,0.88
Taylor Gabriel,9002,WR,13,CLV,48,28,241,273,0.88
Geremy Davis,9619,WR,5,NYG,3,2,21,24,0.88
Michael Hoomanawanui,5655,TE,14,NO,14,11,76,86,0.88
Eddie Royal,4356,WR,9,CHI,49,37,238,272,0.88
Dion Sims,7888,TE,13,MIA,24,17,130,149,0.87
Roddy White,2244,WR,16,ATL,67,43,506,586,0.86
John Phillips,5132,TE,12,SD,11,10,69,80,0.86
Chris Polk,7532,HB,15,HST,24,16,109,127,0.86
Patrick DiMarco,6997,FB,16,ATL,15,13,110,129,0.85
Vincent Brown,6234,WR,1,SD,1,1,22,26,0.85
Latavius Murray,7962,HB,16,OAK,49,41,232,275,0.84
DeAndrew White,9697,WR,2,SF,2,2,18,22,0.82
Myles White,8243,WR,12,NYG,18,7,88,107,0.82
Jerome Simpson,4360,WR,5,SF,19,5,54,66,0.82
Zac Stacy,7942,HB,7,NYJ,10,9,65,79,0.82
Thomas Rawls,9993,HB,12,SEA,11,9,76,93,0.82
Austin Johnson,8438,FB,9,NO,8,5,30,37,0.81
Brian Leonhardt,8083,TE,3,SF,1,1,4,5,0.8
C.J. Fiedorowicz,8700,TE,16,HST,23,17,167,215,0.78
Terrelle Pryor Sr.,6944,WR,3,CLV,6,1,42,54,0.78
Kenbrell Thompkins,8126,WR,7,NYJ,31,17,165,215,0.77
Jordan Norwood,5358,WR,11,DEN,32,22,207,269,0.77
Jarryd Hayne,10255,HB,5,SF,5,5,27,35,0.77
Ka'Deem Carey,8752,HB,6,CHI,3,3,19,25,0.76
Lance Moore,2718,WR,14,DET,41,29,337,442,0.76
C.J. Anderson,8101,HB,15,DEN,31,25,183,240,0.76
Jeff Cumberland,5861,TE,11,NYJ,13,5,77,103,0.75
Rashad Greene Sr.,9572,WR,9,JAX,34,19,93,125,0.74
Fozzy Whittaker,8547,HB,13,CAR,14,12,64,87,0.74
Bradley Marquez,9914,WR,12,SL,22,13,88,120,0.73
Roosevelt Nix,10269,FB,8,PIT,2,2,16,22,0.73
Rob Housler,6221,TE,9,CHI,6,4,33,46,0.72
Preston Parker,5950,WR,2,NYG,11,5,43,61,0.7
Ahmad Bradshaw,3866,HB,6,IND,13,10,64,91,0.7
Justin Forsett,4547,HB,10,BLT,35,31,153,219,0.7
Nelson Agholor,9453,WR,13,PHI,43,23,283,404,0.7
Anthony Sherman,6288,FB,15,KC,4,4,34,49,0.69
Mike Gillislee,7946,HB,5,BUF,7,6,29,42,0.69
Corey Fuller,7953,WR,12,DET,8,4,76,110,0.69
Ed Dickson,5595,TE,16,CAR,25,17,121,178,0.68
Brandon Pettigrew,4943,TE,8,DET,13,7,67,99,0.68
Seyi Ajirotutu,6035,WR,4,PHI,3,1,4,6,0.67
Mike Davis,9559,HB,6,SF,12,7,38,57,0.67
Jerome Cunningham,9400,TE,9,NYG,15,8,59,88,0.67
Gavin Escobar,7828,TE,14,DAL,13,8,64,97,0.66
Lee Smith,6311,TE,15,OAK,12,11,77,118,0.65
Zach Zenner,9761,HB,3,DET,2,2,11,17,0.65
Jesse James,9593,TE,8,PIT,10,8,56,87,0.64
Brian Quick,7037,WR,13,SL,32,10,102,161,0.63
Tim Wright,8392,TE,9,DET,15,9,77,123,0.63
Demetrius Harris,8524,TE,16,KC,12,7,74,117,0.63
Reggie Bush,2947,HB,5,SF,10,4,19,30,0.63
Kevin Smith,9065,WR,7,SEA,5,3,43,68,0.63
Darren Waller,9637,WR,3,BLT,6,2,18,29,0.62
Cody Latimer,8691,WR,12,DEN,11,6,59,95,0.62
Andrew Quarless,5677,TE,5,GB,4,4,31,50,0.62
Kasen Williams,10195,WR,2,SEA,1,1,8,13,0.62
Josh Hill,8200,TE,16,NO,28,16,120,194,0.62
Marshawn Lynch,3628,HB,7,SEA,20,13,80,132,0.61
Marlon Moore,5887,WR,10,CLV,10,7,81,134,0.6
Knile Davis,7878,HB,9,KC,3,2,24,40,0.6
Will Johnson,7639,FB,11,PIT,4,2,16,27,0.59
Keith Mumphery,9608,WR,13,HST,31,14,129,219,0.59
Jacquizz Rodgers,6297,HB,5,CHI,2,1,10,17,0.59
John Kuhn,2686,FB,15,GB,9,6,56,96,0.58
Cordarrelle Patterson,7810,WR,8,MIN,2,2,10,18,0.56
Kenjon Barner,7963,HB,5,PHI,12,9,22,39,0.56
Dwayne Allen,7066,TE,13,IND,25,16,109,194,0.56
Luke Stocker,6256,TE,14,TB,12,9,61,112,0.54
Jason Avant,3054,WR,16,KC,23,15,119,225,0.53
Toby Gerhart,5576,HB,3,JAX,5,3,23,43,0.53
Jeremy Hill,8690,HB,16,CIN,19,15,79,148,0.53
Donteea Dye Jr.,10074,WR,9,TB,27,11,132,249,0.53
Cory Harkey,7306,FB,15,SL,5,5,26,49,0.53
Christine Michael,7843,HB,6,SEA,4,3,16,30,0.53
Carlos Hyde,8692,HB,7,SF,14,11,53,101,0.52
Devin Smith,9470,WR,10,NYJ,26,9,115,232,0.5
LeGarrette Blount,5863,HB,11,NE,6,6,43,86,0.5
Nic Jacobs,8946,TE,6,JAX,3,1,6,12,0.5
Hakeem Nicks,4952,WR,6,NYG,14,7,54,108,0.5
Chris Johnson,4338,HB,11,ARZ,12,6,58,115,0.5
Jonathan Stewart,4327,HB,13,CAR,18,16,99,197,0.5
Chandler Worthy,10028,WR,3,HST,4,3,14,28,0.5
Terrance West,8729,HB,8,BLT,4,4,21,43,0.49
Ronnie Hillman,7069,HB,16,DEN,32,24,111,226,0.49
Andre Caldwell,4411,WR,14,DEN,22,10,72,151,0.48
Marlon Brown,8179,WR,10,BLT,27,14,112,239,0.47
Alfred Morris,7165,HB,15,WAS,11,10,55,120,0.46
Ben Edwards,10067,WR,2,NYG,2,1,9,20,0.45
Brittan Golden,7481,WR,6,ARZ,1,1,5,12,0.42
Sammie Coates,9520,WR,3,PIT,2,1,11,28,0.39
Jim Dray,5756,TE,16,CLV,15,6,61,159,0.38
Jorvorskie Lane,7002,FB,13,TB,2,2,13,34,0.38
Bernard Pierce,7085,HB,3,JAX,5,3,7,19,0.37
C.J. Uzomah,9590,TE,4,CIN,1,1,4,11,0.36
Robert Turbin,7106,HB,10,DAL,9,7,23,64,0.36
Rod Smith,9996,HB,5,DAL,1,1,6,17,0.35
Levine Toilolo,7915,TE,16,ATL,11,7,44,133,0.33
Terrence Magee,9864,HB,1,BLT,1,1,2,6,0.33
MarQueis Gray,8286,TE,4,BUF,1,1,2,7,0.29
E.J. Bibbs,10034,TE,7,CLV,2,1,7,24,0.29
Will Tukuafu,7764,FB,11,SEA,1,1,7,25,0.28
Lucky Whitehead,9853,WR,13,DAL,7,6,16,58,0.28
Khari Lee,10018,TE,10,CHI,3,1,7,26,0.27
Stepfan Taylor,7922,HB,10,ARZ,2,1,4,15,0.27
Russell Shepard,8254,WR,12,TB,9,3,28,103,0.27
Brian Parker,10135,TE,9,KC,1,1,6,23,0.26
Michael Williams,7993,TE,14,NE,5,3,26,107,0.24
Tre McBride,9678,WR,4,TEN,4,2,8,37,0.22
Matt Spaeth,3693,TE,13,PIT,3,2,10,46,0.22
Jerome Felton,4460,FB,15,BUF,1,1,12,58,0.21
Tyler Clutts,6124,FB,14,DAL,1,1,4,22,0.18
Garrett Graham,5642,TE,8,HST,18,4,30,181,0.17
Tevin Coleman,9506,HB,12,ATL,10,2,14,86,0.16
Kellen Davis,4472,TE,16,NYJ,8,3,18,111,0.16
Andre Williams,8748,HB,13,NYG,3,1,7,47,0.15
Christopher Harper,9950,WR,5,NE,2,1,6,44,0.14
Malcolm Johnson,9628,FB,12,CLV,4,3,7,55,0.13
David Johnson,5165,TE,13,SD,1,1,4,38,0.11
Spencer Ware,7975,HB,9,KC,6,6,5,47,0.11
Asante Cleveland,9066,TE,3,SD,1,1,1,16,0.06
Matthew Mulligan,4701,TE,11,BUF,1,1,2,37,0.05
Vince Mayle,9556,WR,1,DAL,1,0,0,5,0.0
Alonzo Harris,9926,HB,2,GB,1,0,0,3,0.0
Kevin Norwood,8758,WR,1,CAR,1,0,0,6,0.0
Matt Hazel,8825,WR,3,MIA,1,0,0,10,0.0
J.J. Watt,6163,DI,1,HST,1,0,0,1,0.0
Rico Richardson,8216,WR,3,TEN,4,0,0,32,0.0
Matthew Slater,4467,WR,2,NE,1,0,0,2,0.0
Alejandro Villanueva,9091,T,2,PIT,1,0,0,2,0.0
Bryce Brown,7213,HB,3,SEA,2,0,0,14,0.0
Alex Smith,2288,TE,3,WAS,1,0,0,18,0.0
Derrick Coleman,7377,FB,9,SEA,1,1,0,25,0.0
Geoff Swaim,9679,TE,1,DAL,1,1,0,4,0.0
Stevan Ridley,6225,HB,8,NYJ,5,4,-2,31,-0.06
David Cobb,9571,HB,7,TEN,2,1,-2,32,-0.06
Malcolm Brown,9902,HB,1,SL,1,1,-2,3,-0.67
Cierre Wood,8343,HB,1,BUF,1,1,-6,6,-1.0
